{
  "naive+bm25": {
    "recall@2": 0.4675,
    "recall@5": 0.5925,
    "mrr": 0.7223333333333335,
    "n": 200
  },
  "naive+vector": {
    "recall@2": 0.56,
    "recall@5": 0.7125,
    "mrr": 0.8524166666666667,
    "n": 200
  },
  "naive+hybrid": {
    "recall@2": 0.4925,
    "recall@5": 0.585,
    "mrr": 0.7753333333333334,
    "n": 200
  },
  "sw+bm25": {
    "recall@2": 0.37,
    "recall@5": 0.5525,
    "mrr": 0.6882499999999999,
    "n": 200
  },
  "sw+vector": {
    "recall@2": 0.435,
    "recall@5": 0.6325,
    "mrr": 0.8164999999999999,
    "n": 200
  },
  "sw+hybrid": {
    "recall@2": 0.445,
    "recall@5": 0.5575,
    "mrr": 0.7625000000000002,
    "n": 200
  },
  "sw+hybrid [test]": {
    "recall@2": 0.415,
    "recall@5": 0.53,
    "mrr": 0.7598333333333334,
    "n": 100
  },
  "sw+hybrid+exp_v2 [test]": {
    "recall@2": 0.415,
    "recall@5": 0.53,
    "mrr": 0.7490000000000001,
    "n": 100
  }
}